,Train accuracy,Test accs,structure
0,67.1210449514183,41.13694539249147,"[1600, 256, 128, 35]"
1,74.85496672242589,41.69155290102389,"[1600, 256, 128, 56, 35]"
