,Train accuracy,Test accs,Batch size
0,26.253099381903166,17.37414675767918,10
1,29.485947491428504,18.035409556313994,20
2,31.204992229300878,18.376706484641637,50
3,31.477856473407602,18.25938566552901,100
4,31.558529380360895,18.47269624573379,200
